"Date","TotalKgActiveSubstanceSold","AverageAntibioticsRealPricePerKg","AvrakningsprisKrPerKg","RealAvrakningsprisKrPerKg","headCount","companyCount","ln_AverageAntibioticsRealPricePerKg","ln_TotalKgActiveSubstanceSold","ln_headCount","ln_RealAvrakningsprisKrPerKg","ln_companyCount"
2005-01-01,55.2,2508.30638823266,1178.8,1627.92955908522,1814037,2973,7.82736305865844,4.01096295328305,14.4110653063621,7.39506427725121,7.9973268229981
2005-02-01,51.195,2513.06200014496,1178.8,1627.92955908522,1813458,2936,7.82925720900406,3.93564187102678,14.4107460778008,7.39506427725121,7.98480338973441
2005-03-01,55.26,2495.49375659207,1208.83,1669.40116127331,1812935,2903,7.82224188704,4.01204931949527,14.4104576369156,7.42022025503956,7.97349996402463
2005-04-01,53.565,2571.98612850911,1178.8,1627.92955908522,1812356,2866,7.85243369207279,3.98089586971452,14.4101382142789,7.39506427725121,7.96067260838812
2005-05-01,53.745,2516.8211882548,1173.26,1620.27878731958,1811795,2831,7.83075195099664,3.98425063942503,14.409828624527,7.3903535043585,7.9483852851119
2005-06-01,57.615,2508.41047545794,1180.3,1630.00106768602,1811216,2794,7.82740455481145,4.05378295046598,14.4095090008742,7.39633594882269,7.93522953981691
2005-07-01,46.575,2533.16413248081,1211.83,1673.54417847492,1800475,2784,7.83722444556557,3.84106391648765,14.4035610769427,7.42269891915261,7.93164402145431
2005-08-01,48.465,2559.08634301347,1233.84,1703.94011467739,1789376,2774,7.84740557651026,3.88084188794457,14.3973775136887,7.44069856280303,7.92804560087478
2005-09-01,53.415,2458.5626113862,1258.86,1738.4928781388,1778277,2765,7.80733215383956,3.97809160539785,14.3911554759474,7.46077385488433,7.92479591395644
2005-10-01,56.61,2423.59526915684,1261.11,1741.60014104001,1767536,2755,7.79300736507885,4.03618564804857,14.3850970442965,7.46255959090334,7.92117272158701
2005-11-01,59.46,2449.28340271293,1296.67,1790.7087049364,1756437,2745,7.80355077206701,4.08530381756995,14.3787978832643,7.49036674502283,7.91753635394363
2005-12-01,61.71,2442.00761845482,1293.9,1786.88331905358,1745696,2735,7.80057577442615,4.12244599233298,14.3726638879658,7.48822821870958,7.91388671485608
2006-01-01,51.69,2503.31451608545,1225.69,1692.68491794635,1734598,2725,7.82537093918517,3.94526433920795,14.3662862442283,7.43407125609826,7.91022370709734
2006-02-01,46.725,2521.59028240078,1225.69,1692.68491794635,1723499,2715,7.83264504591279,3.84427935334163,14.3598670847242,7.43407125609826,7.90654723236804
2006-03-01,70.17,2486.79492177063,1225.69,1692.68491794635,1713474,2706,7.8187499803192,4.2509208692642,14.3540334465604,7.43407125609826,7.90322680873073
2006-04-01,51.795,2446.5618062268,1225.69,1692.68491794635,1702375,2697,7.80243897353159,3.94729361951007,14.3475348928713,7.43407125609826,7.89989532313973
2006-05-01,72.645,2476.19421681411,1225.69,1692.68491794635,1691634,2687,7.81447807047547,4.2855845645233,14.3412054836927,7.43407125609826,7.89618060861549
2006-06-01,60.27,2428.47918990555,1225.69,1692.68491794635,1680535,2677,7.79502049263463,4.09883446749495,14.3346227530652,7.43407125609826,7.89245204352035
2006-07-01,47.775,2418.17454655385,1225.69,1692.68491794635,1680189,2644,7.7907682149027,3.86650249012634,14.3344168450518,7.43407125609826,7.88004820097158
2006-08-01,69.54,2382.20832010251,1225.69,1692.68491794635,1679832,2610,7.77578320205363,4.24190212657972,14.3342043463791,7.43407125609826,7.86710550031674
2006-09-01,45.255,2513.75347648924,1290.51,1782.20170961576,1679474,2576,7.82953232407516,3.81231316127913,14.3339912071168,7.48560479445083,7.85399308722424
2006-10-01,61.305,2447.93798868276,1290.51,1782.20170961576,1679128,2543,7.80300131189093,4.11586140568435,14.3337851690085,7.48560479445083,7.84109976542212
2006-11-01,52.53,2415.25369791999,1263.26,1744.56930336782,1678771,2509,7.78955961146776,3.96138443496587,14.3335725360489,7.4642629866178,7.82763954636642
2006-12-01,52.77,2446.70407621517,1263.26,1744.56930336782,1678425,2476,7.80249712282976,3.96594284741758,14.3333664116515,7.4642629866178,7.81439963380449
2007-01-01,60.435,2413.67995207384,1147.61,1584.85599024583,1678068,2442,7.78890781294828,4.10156840731142,14.333153689622,7.36824882429449,7.80057265467065
2007-02-01,40.485,2560.94987049696,1162.33,1605.18439464839,1677710,2409,7.84813351181699,3.70093153513808,14.3329403262819,7.38099391659643,7.78696700261487
2007-03-01,66.18,2453.06039362552,1162.33,1605.18439464839,1677388,2378,7.80509166426749,4.19237830249347,14.3327483795782,7.38099391659643,7.77401507725073
2007-04-01,72.9,2309.79421596198,1162.33,1605.18439464839,1677030,2344,7.74491371554848,4.28908863901461,14.332534929733,7.38099391659643,7.7596141506969
2007-05-01,68.235,2439.42693047265,1157.16,1598.04459500428,1676684,2311,7.79951842614186,4.22295762969008,14.3323285913265,7.37653603269796,7.74543561027438
2007-06-01,54.795,2422.83518586207,1157.16,1598.04459500428,1676327,2277,7.79269369781051,4.00359894891536,14.3321156483918,7.37653603269796,7.73061406606374
2007-07-01,64.56,2409.83382603847,1164.51,1608.19498714822,1670832,2265,7.78731307225615,4.16759502396169,14.3288322639235,7.38286770305175,7.72533003791713
2007-08-01,66.555,2471.03970571875,1190.12,1643.56254399262,1665154,2252,7.81239427454375,4.19802867349898,14.325428169612,7.40462144774533,7.71957398925958
2007-09-01,51.81,2470.31744255158,1211.61,1673.24035721347,1659476,2240,7.81210194061578,3.9475831808267,14.3220124478502,7.42251735905572,7.71423114484909
2007-10-01,72.15,2293.59337615387,1310.96,1810.44327687339,1653981,2227,7.7378750265958,4.27874728521988,14.3186956671963,7.50132699862564,7.70841066725737
2007-11-01,59.445,2379.45004478237,1356.34,1873.11331707639,1648303,2215,7.77462466634304,4.08505151531051,14.3152568317748,7.53535720092176,7.70300768247924
2007-12-01,54.63,2309.10055160991,1306.3,1804.00779015356,1642808,2202,7.74461335609359,4.00058318240763,14.3119175307873,7.49776601888019,7.69712131728263
2008-01-01,57.465,2319.26444858548,1207.92,1668.14444605549,1637130,2190,7.74900536636651,4.05117606682072,14.3084552667616,7.41946717752388,7.69165682281055
2008-02-01,63.81,2374.68001174919,1210.87,1672.21841297041,1631452,2177,7.7726179754965,4.15590991788026,14.3049809738043,7.42190641488031,7.68570306123455
2008-03-01,44.22,2389.41552484977,1294.89,1788.25051473011,1626140,2165,7.7788040647462,3.7891771754293,14.3017196662444,7.48899305482858,7.68017564043659
2008-04-01,65.22,2377.76632901937,1311.96,1811.82428260726,1620462,2153,7.77391680876373,4.17776617036117,14.2982218517362,7.50208950762206,7.67461749736436
2008-05-01,69.45,2331.95166485754,1375.18,1899.13146510248,1614967,2141,7.75446082035058,4.24060706920035,14.2948250809936,7.5491519370114,7.66902828858968
2008-06-01,67.08,2373.53089404134,1449.62,2001.93353193172,1609289,2128,7.77213395414485,4.20588593695501,14.2913030245132,7.6018687584907,7.66293785046154
2008-07-01,60,2364.23487471451,1460,2016.26837144929,1602668,2105,7.7682097283768,4.0943445622221,14.2871802984755,7.60900374109005,7.65207074611648
2008-08-01,61.89,2302.95594506322,1532.45,2116.32223686812,1595827,2082,7.74194877026873,4.12535861575127,14.2829026551266,7.65743506723838,7.64108424917491
2008-09-01,64.65,2347.40759995907,1568.03,2165.45842087919,1588986,2059,7.76106684926795,4.16898810521787,14.2786066349074,7.68038735976805,7.62997570702779
2008-10-01,83.775,2172.42836894294,1531.01,2114.33358861135,1582365,2036,7.6836008848781,4.42813463362337,14.2744311213047,7.65649495370266,7.61874237767041
2008-11-01,65.79,2308.06664056818,1508.92,2083.82717195017,1575524,2013,7.74416550094086,4.18646785109791,14.2700984733227,7.64196146850828,7.60738142563979
2008-12-01,78.375,2282.05078437118,1397.59,1930.0798035985,1568904,1990,7.73282978450007,4.36150499895308,14.2658878443748,7.56531663005885,7.59588991771854
2009-01-01,76.545,2270.05097699884,1356.76,1873.69333948461,1562062,1967,7.72755756705098,4.33787880318404,14.2615173012957,7.53566680985865,7.58426481838906
2009-02-01,60.045,2297.28610517555,1452.64,2006.10416924801,1555221,1943,7.7394837509516,4.09509428111265,14.2571282156836,7.60394989601112,7.57198844937744
2009-03-01,73.74,2342.59382344494,1469.66,2029.60888683846,1549042,1922,7.75901406600844,4.300545392806,14.2531472332987,7.6155983868912,7.56112158953024
2009-04-01,79.98,2218.20839156859,1489.37,2056.82850985303,1542201,1899,7.70445511821667,4.38177660341867,14.2487211748051,7.62892051712216,7.54908271081229
2009-05-01,71.025,2248.08517739521,1523.59,2104.08652606604,1535580,1876,7.71783410059612,4.26303192774025,14.2444187177989,7.65163669756811,7.53689712956617
2009-06-01,59.325,2407.4715790003,1532.83,2116.84701904699,1528739,1853,7.78633233841062,4.08303080232183,14.2399537705365,7.65768300543779,7.52456122628536
2009-07-01,70.995,2299.44434874979,1555.7,2148.43062018058,1528010,1840,7.74042278523019,4.26260945202632,14.2394767931898,7.67249291048074,7.51752085060303
2009-08-01,54.66,2181.33503649194,1585.69,2189.84698213933,1527257,1827,7.68769237040204,4.00113218049992,14.238983873903,7.69158694920019,7.51043055637801
2009-09-01,67.185,2164.59781119888,1607.06,2219.35907467212,1526505,1813,7.67998985468012,4.20745000832737,14.2384913666185,7.70497372808034,7.50273821075485
2009-10-01,55.305,2209.30096478668,1607.06,2219.35907467212,1525776,1800,7.70043143895026,4.01286332035422,14.2380136910612,7.70497372808034,7.49554194388426
2009-11-01,69.57,2395.54676660394,1549.1,2139.31598233705,1525023,1787,7.78136677882263,4.24233343993555,14.2375200498771,7.66824142249999,7.48829351515943
2009-12-01,80.85,2226.85098312284,1452.83,2006.36656033744,1524294,1774,7.70834375128834,4.39259558602312,14.2370419100092,7.60408068380123,7.48099216286952
2010-01-01,54.675,2285.44209204331,1402.86,1876.21052752513,1523541,1760,7.7343147603444,4.00140656656283,14.2365477887622,7.53700934476508,7.4730690880322
2010-02-01,67.725,2231.98882467771,1414.33,1891.55071453646,1522789,1747,7.71064831662384,4.21545538797116,14.2360540799288,7.54515225552251,7.46565531013406
2010-03-01,91.83,2177.191142572,1338.67,1790.36165182703,1522108,1735,7.68579085828611,4.51993904162543,14.2356067741504,7.49017291855428,7.45876269238096
2010-04-01,65.4,2186.93900945589,1340.79,1793.19697845859,1521356,1721,7.69025813252196,4.18052225846315,14.2351126003962,7.49175532728019,7.45066079621154
2010-05-01,74.22,2183.29526321065,1362.89,1822.75392117441,1520627,1708,7.68859060311176,4.30703365563245,14.2346333077677,7.50810377992516,7.44307837434852
2010-06-01,65.88,2251.27019475418,1402.85,1876.19715334291,1519874,1695,7.71924986691265,4.18783490530944,14.2341379946497,7.53700221644462,7.43543801981455
2010-07-01,77.01,2157.68514481563,1422.83,1902.91876942716,1516810,1662,7.6767912337905,4.34393528355116,14.2321200032882,7.55114418085024,7.41577697541539
2010-08-01,70.11,2183.36934762413,1422.83,1902.91876942716,1513643,1628,7.68862453492017,4.25006543721888,14.2300298859671,7.55114418085024,7.39510754656249
2010-09-01,66.99,2177.38194477729,1442.8,1929.62701132918,1510477,1595,7.68587849131078,4.20454335452018,14.2279360529468,7.56508200484346,7.37462901521894
2010-10-01,68.805,2222.42675360823,1476.38,1974.53751523855,1507412,1562,7.70635501008827,4.23127641671724,14.2259048310869,7.5880894804138,7.35372233039963
2010-11-01,61.92,2208.80116861472,1532.06,2049.00496186373,1504246,1528,7.70020518968803,4.12584322928147,14.2238023339466,7.62510956983857,7.33171496972647
2010-12-01,70.14,2280.44328443584,1457.15,1948.81896282113,1501181,1495,7.73212512604896,4.25049324471203,14.2217626896215,7.5749788079799,7.30988148582479
2011-01-01,72.495,2143.51733325034,1427.52,1909.19126089038,1498015,1462,7.67020337242957,4.28351759396516,14.2196514563603,7.55443500775398,7.28756064030972
2011-02-01,55.065,2066.67400226658,1261.26,1686.83210722834,1494848,1428,7.6336958318426,4.00851430561691,14.2175350873971,7.43060755609269,7.26403014289953
2011-03-01,65.1,2116.34957735873,1274.05,1703.93768629328,1491988,1397,7.65744798602434,4.17592454921452,14.2156200168181,7.44069713764388,7.24208235925696
2011-04-01,59.49,2256.04413315908,1285.49,1719.23775075794,1488822,1364,7.72136817499712,4.08580823119981,14.2134957612026,7.44963630341548,7.21817683840341
2011-05-01,57.285,2098.40326667256,1324.75,1771.74479017074,1485758,1331,7.64893198529591,4.04803880934559,14.2114356377004,7.47972009718695,7.19368581839511
2011-06-01,63.465,2068.08309294825,1352.59,1808.97851348333,1482591,1297,7.63437741516359,4.15048857284014,14.2093017907695,7.50051760775888,7.16780918431644
2011-07-01,48.885,2161.51667354111,1402.54,1875.78255369395,1472818,1282,7.67856541795307,3.88947060095763,14.202688130445,7.53678121330334,7.15617663748062
2011-08-01,68.325,2127.40591326091,1413.96,1891.05586979416,1462720,1266,7.66265863538544,4.22427573181413,14.1958082741255,7.54489061332733,7.14361760270412
2011-09-01,64.86,2068.80925383827,1457.37,1949.11319483006,1452621,1251,7.63472848105393,4.17223110087917,14.1888800688857,7.57512977623568,7.13169851046691
2011-10-01,62.43,2220.75783572004,1490.93,1993.99695037498,1442849,1236,7.70560378405518,4.13404592907365,14.1821301891759,7.5978964211199,7.11963563801764
2011-11-01,59.61,2078.81840216223,1564.38,2092.23031881283,1432750,1220,7.63955493539558,4.08782334523184,14.175106232414,7.64598591415961,7.1066061377273
2011-12-01,60.99,2080.19049763865,1538.56,2057.69818030956,1422978,1205,7.64021475390488,4.11070991630837,14.1682624166573,7.62934324884076,7.09423484592476
2012-01-01,61.425,2107.54374947673,1578.51,2111.12803829583,1412879,1189,7.65327844860561,4.11781691840724,14.1611400245958,7.65497769892034,7.08086789669078
2012-02-01,69.63,2289.13020059941,1561.49,2088.36518014999,1402781,1174,7.73592719933071,4.24319550895446,14.1539672528165,7.64413682841808,7.06817200038804
2012-03-01,82.845,2187.49389991551,1561.49,2088.36518014999,1393334,1159,7.69051182961783,4.41697139202126,14.1472099943016,7.64413682841808,7.05531284333975
2012-04-01,68.535,2139.10671948548,1561.49,2088.36518014999,1383235,1144,7.6681436000704,4.22734456368334,14.1399355166748,7.64413682841808,7.04228617193974
2012-05-01,69.3,2252.29055758504,1589.79,2126.2141158449,1373462,1129,7.71970300295518,4.23844490619586,14.1328451175894,7.66209826683393,7.02908756414966
2012-06-01,59.16,2218.49910201989,1612.39,2156.43976767193,1363364,1113,7.70458616604985,4.0802456378426,14.1254657329854,7.67621388510285,7.01481435127554
2012-07-01,68.535,2042.67457794793,1612.39,2156.43976767193,1366283,1127,7.6220152957611,4.22734456368334,14.1276044718866,7.67621388510285,7.02731451403978
2012-08-01,99,2216.3301188572,1612.39,2156.43976767193,1369299,1141,7.70360800737559,4.59511985013459,14.1298094880199,7.67621388510285,7.03966034986208
2012-09-01,74.37,2142.84013505874,1623.68,2171.53921940322,1372315,1155,7.66988739402495,4.30905263471521,14.1320096527525,7.68319151278494,7.05185562295589
2012-10-01,74.355,2057.8910434306,1634.97,2186.63867113451,1375233,1169,7.62943697205301,4.30885092014065,14.1341337292725,7.69012079035324,7.06390396147207
2012-11-01,79.44,2079.04008786122,1646.24,2201.71137450136,1378249,1183,7.63966156995264,4.37500201973692,14.1363244108939,7.69699023444158,7.07580886397839
2012-12-01,69.915,2074.2521809899,1646.24,2201.71137450136,1381168,1197,7.63735597300336,4.24728021849281,14.1384400759701,7.69699023444158,7.08757370555797
2013-01-01,88.05,2145.92510710698,1739.3,2326.17151428115,1384184,1211,7.67132602374987,4.47790483494222,14.1406213542998,7.75197906822819,7.09920174355309
2013-02-01,77.835,2212.27745617521,1755.5,2347.8376894846,1387200,1226,7.70177778704353,4.35459120148781,14.1427978850084,7.76125005142257,7.11151211649616
2013-03-01,65.16,2374.17415142689,1754.58,2346.60726471996,1389924,1239,7.77240493028314,4.17684578373384,14.1447596273531,7.76072584683403,7.12205988162914
2013-04-01,84.045,2369.36160019406,1770.65,2368.09957555449,1392940,1253,7.77037583083664,4.43135236968536,14.1469271793289,7.76984304560734,7.13329595489607
2013-05-01,78.555,2321.23608270494,1769.52,2366.58829296314,1395859,1267,7.74985511704526,4.36379901639956,14.149020554338,7.76920465816358,7.14440718032114
2013-06-01,75.345,2298.31727268785,1768.26,2364.90314600287,1398875,1281,7.7399325135818,4.32207756587012,14.1511789001203,7.76849234702311,7.15539630189673
2013-07-01,80.685,2379.14889905717,1784.13,2386.12797319291,1397121,1281,7.77449809727128,4.39055268439332,14.1499242486615,7.7774272362543,7.15539630189673
2013-08-01,67.785,2308.45253378401,1799.96,2407.29930365406,1395308,1281,7.74433268023858,4.21634093153135,14.1486257373979,7.7862607772292,7.15539630189673
2013-09-01,72.9,2174.28560519821,1815.75,2428.41713738631,1393495,1281,7.68445543218871,4.28908863901461,14.1473255378102,7.79499494030036,7.15539630189673
2013-10-01,102.195,2094.71079636583,1814.16,2426.29064241264,1391741,1281,7.64717077813308,4.62688275289374,14.1460660393462,7.79411888546611,7.15539630189673
2013-11-01,75.36,2054.992900363,1812.46,2424.0170314345,1389928,1281,7.62802767211318,4.32227663026811,14.1447625052041,7.79318137333387,7.15539630189673
2013-12-01,83.715,2012.31012766506,1810.64,2421.58293026967,1388173,1282,7.60703865833998,4.42741817290851,14.1434990520514,7.79217670873555,7.15617663748062
2014-01-01,93.12,2256.9497397712,1570.67,2100.64267943194,1386360,1282,7.72176950797021,4.53388898398313,14.1421921652651,7.64999861471622,7.15617663748062
2014-02-01,68.415,2367.61309453319,1570.72,2100.70955034307,1384548,1282,7.76963759352149,4.22559209883177,14.140884290548,7.65003044775829,7.15617663748062
2014-03-01,66.015,2332.10430512694,1581.28,2114.83268677198,1382910,1282,7.7545262742261,4.18988198893116,14.1397005326075,7.65673098044195,7.15617663748062
2014-04-01,68.685,2235.52613024512,1585.5,2120.47659167066,1381097,1282,7.71223188437562,4.22953083477717,14.1383886688821,7.65939614979248,7.15617663748062
2014-05-01,78.42,2153.37016715378,1596.04,2134.57297973512,1379343,1282,7.67478941345161,4.36207899686419,14.1371178568115,7.66602189616641,7.15617663748062
2014-06-01,68.73,2249.87915779735,1617.15,2162.80587841072,1377530,1282,7.71863178611053,4.23018578513351,14.1358025983564,7.67916167546731,7.15617663748062
2014-07-01,70.53,2180.16022577188,1636.15,2188.21682463699,1375763,1278,7.68715365114278,4.25603815122009,14.1345190442686,7.69084225581534,7.15305163493748
2014-08-01,62.325,2246.88943716093,1657.27,2216.46309749481,1373936,1273,7.71730206632896,4.13236262940962,14.1331901713492,7.70366800504801,7.14913159855741
2014-09-01,70.65,2265.47646453238,1676.27,2241.87404372108,1372110,1268,7.7255403754116,4.25773810913054,14.1318602589812,7.71506742173327,7.14519613499717
2014-10-01,71.04,2240.29149280961,1686.81,2255.97043178554,1370343,1264,7.71436126710139,4.26324309868391,14.1305716314317,7.72133550605402,7.1420365747068
2014-11-01,71.415,2140.09977703902,1688.85,2258.69876495931,1368516,1259,7.66860773171359,4.26850793131459,14.1292374990277,7.72254415873133,7.13807303404435
2014-12-01,81.39,2167.97102783023,1699.37,2272.76840465933,1366749,1255,7.6815469989233,4.39925241533895,14.1279454850943,7.7287539289383,7.13489085156588
2015-01-01,70.71,2218.10384523008,1535.06,2053.01721653104,1364923,1250,7.70440798612455,4.25858700561615,14.1266085747537,7.62706580301935,7.13089883029635
2015-02-01,75.555,2139.89029727826,1525.26,2039.91051795117,1363096,1246,7.66850984374782,4.32486086786572,14.1252691410671,7.62066122212679,7.1276936993474
2015-03-01,73.05,2226.71625027299,1545.26,1927.80293165039,1361447,1242,7.70828324570132,4.29114413819671,14.1240586626849,7.56413625607202,7.12447826249342
2015-04-01,76.05,2136.62134477178,1571.26,1960.23946415813,1359621,1237,7.66698104952637,4.3313910187053,14.1227165424041,7.58082192035262,7.12044437239249
2015-05-01,64.485,2305.7421181089,1591.26,1985.19064301024,1357853,1233,7.74315786374672,4.16643263861635,14.1214153338189,7.59347023032833,7.11720550316434
2015-06-01,91.395,2071.78274443338,1621.06,2022.36789949988,1356027,1228,7.63616474480921,4.51519077236857,14.1200696587887,7.61202433134827,7.11314210870709
2015-07-01,68.145,2195.65698863044,1630.93,2034.6813062634,1355884,1230,7.69423659217348,4.22163778787948,14.1199641981005,7.61809447935388,7.11476944836646
2015-08-01,67.335,2175.84118483328,1641.13,2047.40640747797,1355737,1232,7.68517062040113,4.20968016090201,14.1198557758688,7.62432910404899,7.11639414409346
2015-09-01,75.015,2248.281190946,1662.93,2074.60319242677,1355589,1234,7.7179212881315,4.31768809353898,14.1197466041941,7.63752518181211,7.11801620446533
2015-10-01,64.125,2076.76372642765,1706.53,2128.99676232436,1355447,1236,7.63856606026886,4.16083430349093,14.1196418471933,7.66340614414284,7.11963563801764
2015-11-01,67.155,2125.33631911191,1728.33,2156.19354727316,1355299,1238,7.66168533665286,4.20700338036104,14.1195326521598,7.67609969946218,7.12125245324454
2015-12-01,72.795,2095.02284403651,1723.83,2150.57953203144,1355156,1240,7.6473197363715,4.28764727152529,14.1194271348204,7.67349263458176,7.12286665859908
2016-01-01,77.205,2151.46423244002,1660.58,2071.67142891165,1355009,1242,7.67390392766453,4.34646422177283,14.1193186543403,7.63611101402465,7.12447826249342
2016-02-01,67.38,1957.78196346145,1663.88,2075.78837342224,1354862,1244,7.57956746012857,4.21034823797841,14.1192101620909,7.63809629950492,7.12608727329912
2016-03-01,71.955,1914.51292576813,1663.88,2075.78837342224,1354724,1246,7.55721852240573,4.27604092362214,14.1191083015114,7.63809629950492,7.1276936993474
2016-04-01,69.825,1960.90165036394,1673.68,2088.01445105978,1354576,1248,7.58115967214107,4.24599211183124,14.1189990481986,7.64396886998422,7.12929754892937
2016-05-01,91.11,2071.07166114407,1682.68,2099.24248154322,1354433,1250,7.63582146299108,4.51206756772577,14.1188934745367,7.64933183556064,7.13089883029635
2016-06-01,61.47,2053.9228110139,1705.68,2127.93633722315,1354286,1252,7.62750680994493,4.11854925091892,14.1187849361463,7.66290793329558,7.13249755166004
2016-07-01,61.26,2015.7132035627,1705.68,2127.93633722315,1354915,1254,7.60872835893378,4.11512710140463,14.119249279701,7.66290793329558,7.13409372119287
2016-08-01,80.325,2081.19138683843,1705.68,2127.93633722315,1355564,1255,7.64069579085215,4.38608090500192,14.1197281618561,7.66290793329558,7.13489085156588
2016-09-01,68.265,2031.76262578536,1705.68,2127.93633722315,1356214,1257,7.6166589838556,4.22339719013671,14.1202075521398,7.66290793329558,7.13648320859025
2016-10-01,72.09,2042.10968993161,1705.68,2127.93633722315,1356842,1259,7.62173871419259,4.27791533841649,14.1206704987294,7.66290793329558,7.13807303404435
2016-11-01,81.54,2089.53708465081,1705.68,2127.93633722315,1357492,1260,7.64469782982849,4.40109369739111,14.1211494375869,7.66290793329558,7.13886699994552
2016-12-01,57.765,2062.13978628503,1718.48,2143.9050916885,1358120,1262,7.63149945388199,4.05638305593498,14.1216119484398,7.67038425427455,7.14045304310116
2017-01-01,80.4,1990.37635538841,1655.68,2065.55839009288,1358770,1264,7.59607902314774,4.38701417618492,14.1220904367205,7.63315587566644,7.1420365747068
2017-02-01,65.235,2110.18939389227,1632.08,2036.11599904739,1359420,1265,7.65453298258043,4.17799613471771,14.1225686961596,7.6187993500393,7.14282740116162
2017-03-01,74.91,2103.70864931144,1612.08,2011.16482019528,1360006,1267,7.65145708960724,4.31628739295979,14.1229996694672,7.60646934573554,7.14440718032114
2017-04-01,75.06,2007.02585119398,1612.08,2011.16482019528,1360656,1269,7.60440922922857,4.31828779370688,14.1234774943586,7.60646934573554,7.14598446771439
2017-05-01,64.215,2183.53615847714,1633.88,2038.36160514408,1361284,1270,7.68870093265896,4.16223682826502,14.1239389299605,7.61990162941948,7.14677217945264
2017-06-01,81.585,2051.51656826214,1646.68,2054.33035960943,1361934,1272,7.62633458801933,4.40164542154303,14.1244163063677,7.62770521475589,7.14834574390007
2017-07-01,62.055,1998.19602481466,1666.68,2079.28153846154,1364508,1278,7.60000006491383,4.12802108858148,14.1263044820668,7.63977769882495,7.15305163493748
2017-08-01,68.415,2100.3413390873,1666.68,2079.28153846154,1367167,1284,7.64985515292545,4.22559209883177,14.12825127357,7.63977769882495,7.15773548424991
2017-09-01,73.98,2032.95238413635,1666.68,2079.28153846154,1369827,1291,7.61724439187661,4.30379478640431,14.1301950124584,7.63977769882495,7.16317239084664
2017-10-01,69.48,2015.90577495483,1666.68,2079.28153846154,1372401,1297,7.6088238894853,4.2410389413729,14.1320723186167,7.63977769882495,7.16780918431644
2017-11-01,69.705,2026.11948038802,1693.59,2112.85334960705,1375061,1303,7.61387765660777,4.24427205120505,14.1340086517351,7.65579461133009,7.17242457712485
2017-12-01,85.995,1991.68082911558,1702.59,2124.0813800905,1377634,1309,7.59673419895933,4.45428915502846,14.135878092955,7.6610946961714,7.1770187659099
2018-01-01,85.155,2062.00486129162,1652.59,2061.70343296023,1380294,1315,7.63143402213553,4.4444731252908,14.1378070779211,7.63128782928656,7.18159194461187
2018-02-01,69.735,2079.50225470557,1627.59,2030.51445939509,1382954,1322,7.63988384343608,4.24470234381066,14.139732349067,7.61604446820176,7.18690102041163
2018-03-01,84.585,2047.14525383262,1610.59,2009.3059573708,1385356,1327,7.62420154251488,4.43775694592726,14.1414677042857,7.60554464658473,7.19067603433221
2018-04-01,74.37,1998.16200213866,1600.39,1996.58085615623,1388016,1334,7.599983038073,4.30905263471521,14.14338594736,7.5991914246345,7.19593722647557
2018-05-01,85.95,2046.03056153418,1600.39,1996.58085615623,1390589,1340,7.62365688361124,4.45376573182886,14.1452379563612,7.5991914246345,7.20042489294496
2018-06-01,98.88,1994.14252411378,1535.95,1916.18815789474,1393249,1346,7.59796942445381,4.59390699370938,14.1471489876852,7.55809315720328,7.20489251020467
2018-07-01,117.315,1984.26416617999,1528.75,1907.20573350798,1398410,1325,7.59300342725758,4.76486262472168,14.1508464348876,7.55339448311021,7.18916773842032
2018-08-01,120.885,1954.16304556704,1528.75,1907.20573350798,1403744,1303,7.57771727106997,4.79483968044458,14.1546535107603,7.55339448311021,7.17242457712485
2018-09-01,97.68,1934.18168638091,1541.55,1923.17448797333,1409078,1281,7.56743961492086,4.58169682980245,14.1584461477588,7.56173247884802,7.15539630189673
2018-10-01,105.045,1958.0125252377,1541.7,1923.36162181472,1414239,1260,7.5796852200249,4.65438882977559,14.162102135201,7.56182977877512,7.13886699994552
2018-11-01,95.985,1931.58817265006,1550.55,1934.40251845678,1419573,1238,7.56609783089618,4.56419192925953,14.1658666801315,7.56755378179143,7.12125245324454
2018-12-01,91.395,1848.77919145634,1550.7,1934.58965229817,1424734,1217,7.52228080373474,4.51519077236857,14.1694956875938,7.56765051697893,7.10414409298753
2019-01-01,91.725,1999.8206114271,1550.7,1934.58965229817,1430068,1195,7.60081276123286,4.51879497024135,14.1732325535531,7.56765051697893,7.08590146436561
2019-02-01,97.59,1911.96281552103,1550.7,1934.58965229817,1435401,1173,7.55588564547298,4.58077502915337,14.1769548106478,7.56765051697893,7.06731984865348
2019-03-01,94.485,1958.58904079117,1541.7,1923.36162181472,1440218,1154,7.57997961584123,4.548441091742,14.1803050489829,7.56182977877512,7.05098944706805
2019-04-01,92.985,1981.92029862242,1541.7,1923.36162181472,1445552,1132,7.59182150147918,4.53243818982199,14.184001813503,7.56182977877512,7.03174125876313
2019-05-01,90.705,1951.57326149258,1563.2,1950.18413908073,1450713,1111,7.57639112703443,4.50761248239329,14.187565717678,7.57567907739734,7.01301578963963
2019-06-01,84.63,1917.43879836966,1576,1966.15289354608,1456047,1089,7.55874561532378,4.43828881368201,14.1912357874376,7.58383406652665,6.99301512293296
2019-07-01,96.615,1998.95615779361,1616,2016.0552512503,1448810,1094,7.60038040219066,4.57073400866696,14.1862530877915,7.60889803518987,6.99759598298193
2019-08-01,87.99,1998.33980099654,1616,2016.0552512503,1441332,1098,7.60007201531698,4.47722317165747,14.1810782440033,7.60889803518987,7.00124562206948
2019-09-01,83.91,1969.28764033939,1621.4,2022.79206954037,1433853,1103,7.58542715244895,4.42974479588198,14.1758757844269,7.61223404866243,7.0057890192535
2019-10-01,101.505,1986.94491892964,1663.2,2074.94003334127,1426616,1108,7.59435352144773,4.6201080583523,14.1708157642405,7.63768753265263,7.01031186730723
2019-11-01,141.99,1955.9652305178,1697.8,2118.10557275542,1419138,1113,7.57863907462788,4.95575663258627,14.1655602029992,7.65827737041269,7.01481435127554
2019-12-01,111.465,1985.49385602379,1751.2,2184.72522029055,1411901,1118,7.59362295614385,4.71371064027754,14.1604475812628,7.68924534231748,7.01929665371504
2020-01-01,91.095,2169.28663984129,1751.2,2184.72522029055,1404423,1122,7.6821536550882,4.51190291801765,14.1551371002429,7.68924534231748,7.02286808608264
2020-02-01,119.13,1967.25996830285,1774.2,2213.41907597047,1396944,1127,7.58439697452786,4.78021533381127,14.1497975515373,7.70229369219531,7.02731451403978
2020-03-01,168.015,1949.35170273274,1774.2,2213.41907597047,1389949,1132,7.57525213614361,5.12405326113181,14.1447776137863,7.70229369219531,7.03174125876313
2020-04-01,151.665,1970.65985229319,1784,2225.645153608,1382470,1136,7.58612371605131,5.02167414121147,14.139382312324,7.70780210924878,7.0352685992811
2020-05-01,139.08,1957.79178461717,1794.5,2238.74452250536,1375233,1141,7.57957247658662,4.93504930713966,14.1341337292725,7.71367050669649,7.03966034986208
2020-06-01,146.64,1977.04789712065,1811.5,2259.95302452965,1367755,1146,7.58936005004996,4.98798060353145,14.1286812675582,7.72309930644396,7.04403289727469
2020-07-01,153.165,1884.5108530764,1814.5,2263.69570135747,1366374,1150,7.54142357181844,5.03151577167561,14.1276710737324,7.72475402276195,7.0475172213573
2020-08-01,145.005,1907.31472634101,1814.5,2263.69570135747,1364946,1153,7.55345162939332,4.97676822458468,14.1266254253791,7.72475402276195,7.05012252026906
2020-09-01,157.59,1942.93247875279,1814.5,2263.69570135747,1363518,1157,7.57195369774571,5.05999672363398,14.1255786825008,7.72475402276195,7.05358572719368
2020-10-01,152.295,1950.6126012539,1814.5,2263.69570135747,1362137,1161,7.57589875671078,5.0258194294213,14.1245653480045,7.72475402276195,7.05703698169789
2020-11-01,186.195,1893.61598394459,1834.5,2288.64688020957,1360709,1164,7.54624349919953,5.22679451163602,14.1235164453997,7.73571603990416,7.05961762829138
2020-12-01,175.485,1900.83796377851,1824.7,2276.42080257204,1359328,1168,7.55005010149545,5.16755356916767,14.1225010179488,7.73035966505132,7.06304816338817
2021-01-01,167.22,1939.40048917802,1829.36,2282.23442724458,1357900,1172,7.57013417810204,5.11931031072191,14.1214499466869,7.73291025399967,7.06646697013696
2021-02-01,154.26,1862.78672603845,1810.16,2258.28129554656,1356473,1176,7.52982888527139,5.03863949050585,14.1203985067179,7.7223593142519,7.06987412845857
2021-03-01,197.925,1899.26397608028,1810.16,2258.28129554656,1355184,1179,7.54922170909274,5.2878881710575,14.1194477964348,7.7223593142519,7.07242190053737
2021-04-01,149.595,1927.78289160699,1810.16,2258.28129554656,1353756,1183,7.56412586074206,5.00793164252194,14.1183935094205,7.7223593142519,7.07580886397839
2021-05-01,171,1877.98557456861,1810.16,2258.28129554656,1352375,1186,7.53795497846534,5.14166355650266,14.1173728639899,7.7223593142519,7.07834157955767
2021-06-01,170.13,1858.71447174887,1810.16,2258.28129554656,1350947,1190,7.52764038353594,5.13656285069405,14.116316385973,7.7223593142519,7.08170858610557
2021-07-01,144.975,1878.62581108255,1810.16,2258.28129554656,1354399,1189,7.53829583699682,4.9765613137625,14.1188683714665,7.7223593142519,7.08086789669078
2021-08-01,165.105,1945.21436745647,1810.16,2258.28129554656,1357966,1187,7.57312746460993,5.10658163514346,14.1214985499685,7.7223593142519,7.07918439460967
2021-09-01,153.915,1865.29310305212,1829.36,2282.23442724458,1361533,1186,7.53117347954308,5.03640050198228,14.124121828775,7.73291025399967,7.07834157955767
2021-10-01,140.64,1838.04739125996,1829.36,2282.23442724458,1364984,1184,7.51645908672902,4.94620343393687,14.1266532649208,7.73291025399967,7.07665381544395
2021-11-01,171.27,1879.00842590423,1829.36,2282.23442724458,1368551,1183,7.5384994836526,5.14324125864428,14.1292630738492,7.73291025399967,7.07580886397839
2021-12-01,149.34,1733.42005635646,1829.36,2282.23442724458,1372003,1181,7.45785164716317,5.00622558560756,14.1317822738545,7.73291025399967,7.07411681619736
2022-01-01,149.88,1860.07390809955,1829.36,2282.23442724458,1375570,1180,7.52837150145521,5.00983497392549,14.1343787486371,7.73291025399967,7.07326971745971
2022-02-01,126.255,1824.5524856899,1820.36,2271.00639676113,1379137,1179,7.50909002262629,4.83830367133165,14.136968499194,7.72797835881719,7.07242190053737
2022-03-01,143.31,1805.73151993783,1820.36,2271.00639676113,1382358,1177,7.49872106286935,4.96501011606998,14.1393012946259,7.72797835881719,7.07072410726028
2022-04-01,151.2,1768.17858951492,1998.56,2493.32140033341,1385925,1176,7.47770525026527,5.01860346374543,14.1418783447137,7.82137099632642,7.06987412845857
2022-05-01,160.755,1770.28590163631,2097.76,2617.07924743987,1389377,1174,7.4788963388721,5.07988146683307,14.1443660031957,7.86981418385992,7.06817200038804
2022-06-01,152.175,1750.34924430285,2229.36,2781.25800428673,1392944,1173,7.46757061517954,5.02503117437999,14.1469300509488,7.9306586238562,7.06731984865348
2022-07-01,127.98,1737.91302525554,2258.76,2817.93623719933,1385593,1172,7.46044026156713,4.85187400171131,14.1416387648145,7.94376006523291,7.06646697013696
2022-08-01,144.645,1782.99442480741,2282.16,2847.1291164563,1377996,1171,7.48604949099758,4.97428246463046,14.1361408277939,7.95406643800812,7.06561336359772
2022-09-01,144.615,1703.76361481299,2282.16,2847.1291164563,1370400,1170,7.44059497406494,4.97407503878445,14.130613225992,7.95406643800812,7.0647590277918
2022-10-01,125.25,1650.76589202597,2301.76,2871.58127173136,1363049,1169,7.40899463618325,4.83031173996497,14.1252346601425,7.96261812278782,7.06390396147207
2022-11-01,165.255,1676.32661168128,2301.76,2871.58127173136,1355452,1168,7.42436013776104,5.10748973546014,14.1196455360065,7.96261812278782,7.06304816338817
2022-12-01,144.12,1652.1526940977,2317.76,2891.54221481305,1348101,1166,7.40983437965077,4.97064628587989,14.1142074934636,7.96954527711579,7.06133436691044
2023-01-01,146.625,1740.95382705162,2317.76,2891.54221481305,1340505,1165,7.46218841848119,4.98787830697364,14.1085569666027,7.96954527711579,7.0604763659998
2023-02-01,138.75,1803.77917125857,2296.51,2865.03158728269,1332908,1164,7.49763928251923,4.93267375262654,14.1028735795247,7.96033465431762,7.05961762829138
2023-03-01,156.855,1731.39234864598,2287.51,2853.80355679924,1326047,1163,7.45668118960013,5.05532181171866,14.097712894047,7.95640796483365,7.05875815251866
2023-04-01,140.97,1648.96867237643,2287.51,2853.80355679924,1318451,1162,7.4079053244267,4.94854710178283,14.0919681206416,7.95640796483365,7.05789793741186
2023-05-01,157.17,1643.45339650234,2287.51,2853.80355679924,1311099,1161,7.40455503645175,5.05732802208824,14.0863762747689,7.95640796483365,7.05703698169789
2023-06-01,151.98,1574.41710139858,2302.21,2872.14267325554,1303503,1160,7.36164038840781,5.02374893324164,14.080565813849,7.96281360625163,7.05617528410041
2023-07-01,119.235,1550.04816372735,2302.21,2872.14267325554,1306305,1161,7.34604128280301,4.78109633569319,14.082713099072,7.96281360625163,7.05703698169789
2023-08-01,154.485,1554.60382971451,2284.21,2849.68661228864,1309200,1163,7.34897602026569,5.04009700424588,14.0849268216092,7.95496430661611,7.05875815251866
2023-09-01,135.255,1532.53177967229,2284.21,2849.68661228864,1312095,1164,7.33467640473878,4.90716188561998,14.0871356544014,7.95496430661611,7.05961762829138
2023-10-01,140.475,1545.98542473684,2284.21,2849.68661228864,1314897,1166,7.34341680137773,4.94502953699826,14.0892688935301,7.95496430661611,7.06133436691044
2023-11-01,171.72,1522.84508679179,2290.96,2858.10763515123,1317792,1167,7.32833563189233,5.14586524335636,14.0914681667195,7.95791501878528,7.06219163228656
2023-12-01,156.99,1507.00918210411,2290.96,2858.10763515123,1320594,1168,7.31788229157682,5.05618210905223,14.0935921933429,7.95791501878528,7.06304816338817
2024-01-01,164.445,1886.78282490037,2290.96,2858.10763515123,1323489,1170,7.54262844860229,5.10257616779461,14.0957819893189,7.95791501878528,7.0647590277918
2024-02-01,151.62,1933.36109932808,2376.71,2965.08581447964,1326384,1171,7.56701526948469,5.02137739062816,14.0979670005642,7.99466125350192,7.06561336359772
2024-03-01,160.05,1940.3327570186,2376.71,2965.08581447964,1329093,1173,7.57061476158516,5.07548626641587,14.1000073126737,7.99466125350192,7.06731984865348
2024-04-01,203.145,1924.873210403,2376.71,2965.08581447964,1331988,1174,7.56261537982699,5.31392000977544,14.1021831210329,7.99466125350192,7.06817200038804
2024-05-01,161.115,1990.20629197593,2376.71,2965.08581447964,1334790,1176,7.59599357665528,5.08211839571812,14.1042845340722,7.99466125350192,7.06987412845857
2024-06-01,171.495,2000.92469842923,2392.71,2985.04675756132,1337685,1177,7.60136470190623,5.14455411166204,14.1064510659443,8.00137068987867,7.07072410726028
2024-07-01,189.63,1987.01388942577,2392.71,2985.04675756132,1337685,1177,7.59438823267624,5.24507480515232,14.1064510659443,8.00137068987867,7.07072410726028
2024-08-01,163.23,2012.5563837529,2403.96,2999.08179566563,1337685,1177,7.60716102567188,5.09516024916594,14.1064510659443,8.00606145269039,7.07072410726028
2024-09-01,179.82,2005.28053119252,2403.96,2999.08179566563,1337685,1177,7.60353924576011,5.19195635055663,14.1064510659443,8.00606145269039,7.07072410726028
2024-10-01,202.38,1996.06297725831,2403.96,2999.08179566563,1337685,1177,7.59893200810628,5.31014711830161,14.1064510659443,8.00606145269039,7.07072410726028
2024-11-01,184.41,1994.01566584357,2427.01,3027.83802929269,1337685,1177,7.59790580698218,5.21716153958703,14.1064510659443,8.01560412214008,7.07072410726028
2024-12-01,220.44,2075.25905210049,2447.91,3053.91201119314,1337685,1177,7.63784126925817,5.39562554901503,14.1064510659443,8.02417867435932,7.07072410726028
